ID,Start time,Completion time,Email,Name,Last modified time,Yaşınız,Cinsiyet,Eğitim Durumunuz,Aylık Ortalama Gelir Düzeyiniz,Güncel Çalışma Durumunuz,Şans oyunlarını ne sıklıkla oynarsınız?,"Oynadığınız oyunlarda ne sıklıkla kazanç yakalarsınız?
","Bugüne kadarki şans oyunu deneyiminizi düşündüğünüzde, genel maddi durumunuz nedir?","Şans oyunlarından (son 6-12 ay içerisindeki) tahmini toplam kazanç miktarınız hangi aralıktadır?
","Şans oyunlarından kazanç elde ettiğinizde, bu parayı genellikle nasıl değerlendirirsiniz?",En sık hangi tür oyunları tercih ediyorsunuz ?,Kaç yıldır şans oyunları/kumar ile ilgileniyorsunuz ?,Şans oyunlarında kazanmam büyük ölçüde şansa bağlıdır.,Doğru strateji kurarsam şans oyunlarında kazanma ihtimalim artar.,Kazandığımda bunun nedeni genellikle doğru hamleler yapmamdır. ,Yakın çevremde (arkadaş/aile) şans oyunlarından düzenli kazanan kişiler vardır.,Para kazanmak için uzun saatler çalışmak gerekir. ,Hayatta başarı ancak sabırlı ve disiplinli çalışmayla elde edilir.,Emek harcanmadan kazanılan paranın benim gözümde değeri düşüktür. ,"Çalışmadan elde edilen hızlı kazançlar (piyango vb.), insanın çalışma disiplinini bozar."," Bir işi başarmak için harcanan zaman ve ter, sonucun kendisinden daha değerlidir."
17,1/10/26 17:26:52,1/10/26 17:28:22,anonymous,,,22,Kadın,Lisans,0 - 23.000 TL,Sadece Öğrenciyim,Ayda 1'den az / Çok nadir,Oynadığımda neredeyse hiç kazanmam (%0-10),Zarardayım (Kaybettiğim miktar daha fazla),0 - 1.000 TL,"Keyfi harcamalar (yemek, eğlence, giyim vb.) için kullanırım","Online Casino ve Şans Oyunları (Slot Oyunları (Sweet Bonanza, Big Bass vb.), Rulet, Poker, Blackjack vb.)",1 yıldan az,5,1,1,4,3,3,4,4,4
18,1/10/26 17:35:45,1/10/26 17:39:17,anonymous,,,24,Erkek,Lisans,23.001 - 35.000 TL,Sadece Öğrenciyim,Ayda 1'den az / Çok nadir,Nadiren kazanırım (%20-30),Başa baş noktasındayım (Kazandığım ve kaybettiğim eşit gibi),1.001 - 5.000 TL,"Keyfi harcamalar (yemek, eğlence, giyim vb.) için kullanırım","Online Casino ve Şans Oyunları (Slot Oyunları (Sweet Bonanza, Big Bass vb.), Rulet, Poker, Blackjack vb.)",1 yıldan az,5,3,4,5,3,4,2,5,2
19,1/10/26 17:42:16,1/10/26 17:43:07,anonymous,,,24,Erkek,Lisans,23.001 - 35.000 TL,Sadece Öğrenciyim,Ayda 1'den az / Çok nadir,Oynadığımda neredeyse hiç kazanmam (%0-10),Başa baş noktasındayım (Kazandığım ve kaybettiğim eşit gibi),0 - 1.000 TL,"Keyfi harcamalar (yemek, eğlence, giyim vb.) için kullanırım","Spor Bahisleri (İddaa, Maç sonucu, Canlı bahis vb.)",1 yıldan az,3,3,3,3,3,3,3,3,3
20,1/10/26 17:44:01,1/10/26 17:45:29,anonymous,,,21,Kadın,Lisans,0 - 23.000 TL,Hem Çalışıyor Hem Okuyorum,Ayda 1-3 kez,Nadiren kazanırım (%20-30),Başa baş noktasındayım (Kazandığım ve kaybettiğim eşit gibi),5.001 - 15.000 TL,"Keyfi harcamalar (yemek, eğlence, giyim vb.) için kullanırım","Online Casino ve Şans Oyunları (Slot Oyunları (Sweet Bonanza, Big Bass vb.), Rulet, Poker, Blackjack vb.)",1 - 3 yıl,4,2,3,5,4,4,4,3,3
21,1/10/26 17:42:25,1/10/26 17:45:41,anonymous,,,23,Erkek,Lisans,35.001 - 60.000 TL,Sadece Öğrenciyim,Haftada birkaç kez,Sık kazanırım (Genelde boş geçmem),"Kârdayım (Kazandığım miktar, kaybettiğimden fazla)",30.000 TL üzeri,"Temel ihtiyaçlarım (kira, fatura, market) için kullanırım","Spor Bahisleri (İddaa, Maç sonucu, Canlı bahis vb.)",5 yıldan fazla,2,5,5,1,2,5,5,5,1
22,1/10/26 17:46:41,1/10/26 17:48:50,anonymous,,,21,Kadın,Lisans,23.001 - 35.000 TL,Sadece Öğrenciyim,Ayda 1'den az / Çok nadir,Sık kazanırım (Genelde boş geçmem),"Kârdayım (Kazandığım miktar, kaybettiğimden fazla)",15.001 - 30.000 TL,"Keyfi harcamalar (yemek, eğlence, giyim vb.) için kullanırım","Online Casino ve Şans Oyunları (Slot Oyunları (Sweet Bonanza, Big Bass vb.), Rulet, Poker, Blackjack vb.)",1 - 3 yıl,2,4,5,2,2,3,1,5,3
23,1/10/26 17:46:50,1/10/26 17:49:48,anonymous,,,20,Kadın,Lisans,35.001 - 60.000 TL,Sadece Öğrenciyim,Ayda 1'den az / Çok nadir,Oynadığımda neredeyse hiç kazanmam (%0-10),Başa baş noktasındayım (Kazandığım ve kaybettiğim eşit gibi),0 - 1.000 TL,Biriktiririm / Yatırım yaparım,"Spor Bahisleri (İddaa, Maç sonucu, Canlı bahis vb.)",1 yıldan az,1,1,1,1,1,1,1,1,1
24,1/10/26 17:51:16,1/10/26 17:52:56,anonymous,,,21,Erkek,Lisans,0 - 23.000 TL,Sadece Öğrenciyim,Ayda 1-3 kez,Sık kazanırım (Genelde boş geçmem),"Kârdayım (Kazandığım miktar, kaybettiğimden fazla)",15.001 - 30.000 TL,"Keyfi harcamalar (yemek, eğlence, giyim vb.) için kullanırım","Spor Bahisleri (İddaa, Maç sonucu, Canlı bahis vb.)",1 - 3 yıl,5,2,3,5,3,5,3,5,4
25,1/10/26 17:56:42,1/10/26 17:58:48,anonymous,,,23,Erkek,Lisans,0 - 23.000 TL,Sadece Öğrenciyim,Ayda 1-3 kez,Nadiren kazanırım (%20-30),Zarardayım (Kaybettiğim miktar daha fazla),0 - 1.000 TL,Doğrudan tekrar şans oyunlarına/bahise yatırırım,"Spor Bahisleri (İddaa, Maç sonucu, Canlı bahis vb.)",3- 5 yıl,2,4,4,5,3,4,2,2,3
26,1/10/26 17:57:40,1/10/26 17:58:49,anonymous,,,22,Erkek,Lise,23.001 - 35.000 TL,Sadece Öğrenciyim,Ayda 1'den az / Çok nadir,Oynadığımda neredeyse hiç kazanmam (%0-10),"Kârdayım (Kazandığım miktar, kaybettiğimden fazla)",0 - 1.000 TL,Doğrudan tekrar şans oyunlarına/bahise yatırırım,"Spor Bahisleri (İddaa, Maç sonucu, Canlı bahis vb.)",5 yıldan fazla,5,5,5,5,5,5,5,5,5
27,1/10/26 17:57:49,1/10/26 17:59:38,anonymous,,,24,Erkek,Lisans,35.001 - 60.000 TL,İşsizim,Ayda 1'den az / Çok nadir,Nadiren kazanırım (%20-30),Başa baş noktasındayım (Kazandığım ve kaybettiğim eşit gibi),1.001 - 5.000 TL,Doğrudan tekrar şans oyunlarına/bahise yatırırım,"Spor Bahisleri (İddaa, Maç sonucu, Canlı bahis vb.)",5 yıldan fazla,4,2,2,1,5,5,5,5,5
28,1/10/26 17:59:23,1/10/26 18:02:00,anonymous,,,19,Erkek,Lisans,0 - 23.000 TL,Sadece Öğrenciyim,Ayda 1'den az / Çok nadir,Nadiren kazanırım (%20-30),Zarardayım (Kaybettiğim miktar daha fazla),1.001 - 5.000 TL,Doğrudan tekrar şans oyunlarına/bahise yatırırım,"Spor Bahisleri (İddaa, Maç sonucu, Canlı bahis vb.)",3- 5 yıl,5,3,3,2,4,5,2,4,3
29,1/10/26 18:00:54,1/10/26 18:02:45,anonymous,,,20,Erkek,Lisans,23.001 - 35.000 TL,Hem Çalışıyor Hem Okuyorum,Ayda 1'den az / Çok nadir,Ara sıra kazanırım (Yarı yarıya diyebilirim),Başa baş noktasındayım (Kazandığım ve kaybettiğim eşit gibi),1.001 - 5.000 TL,"Keyfi harcamalar (yemek, eğlence, giyim vb.) için kullanırım","Klasik Şans Oyunları (Milli Piyango, Sayısal Loto, Kazı Kazan)",1 - 3 yıl,3,3,3,3,3,5,5,5,5
30,1/10/26 18:01:11,1/10/26 18:03:12,anonymous,,,23,Erkek,Lisans,0 - 23.000 TL,Sadece Öğrenciyim,Ayda 1'den az / Çok nadir,Nadiren kazanırım (%20-30),Zarardayım (Kaybettiğim miktar daha fazla),0 - 1.000 TL,"Keyfi harcamalar (yemek, eğlence, giyim vb.) için kullanırım","Online Casino ve Şans Oyunları (Slot Oyunları (Sweet Bonanza, Big Bass vb.), Rulet, Poker, Blackjack vb.)",1 yıldan az,5,4,5,5,5,3,2,5,3
31,1/10/26 18:01:56,1/10/26 18:03:33,anonymous,,,25,Erkek,Lisans,60.001 - 100.000 TL,Tam Zamanlı Çalışıyorum,Ayda 1'den az / Çok nadir,Oynadığımda neredeyse hiç kazanmam (%0-10),Zarardayım (Kaybettiğim miktar daha fazla),30.000 TL üzeri,Doğrudan tekrar şans oyunlarına/bahise yatırırım,"Yeni Nesil Hızlı Oyunlar (Aviator, Zeppelin, Spaceman vb.)",1 yıldan az,1,1,1,3,1,2,1,5,1
32,1/10/26 18:02:16,1/10/26 18:03:58,anonymous,,,23,Erkek,Lisans,23.001 - 35.000 TL,Hem Çalışıyor Hem Okuyorum,Ayda 1'den az / Çok nadir,Nadiren kazanırım (%20-30),"Kârdayım (Kazandığım miktar, kaybettiğimden fazla)",0 - 1.000 TL,"Keyfi harcamalar (yemek, eğlence, giyim vb.) için kullanırım","Spor Bahisleri (İddaa, Maç sonucu, Canlı bahis vb.)",5 yıldan fazla,2,4,4,4,3,4,5,5,1
33,1/10/26 18:01:59,1/10/26 18:05:20,anonymous,,,21,Erkek,Lisans,0 - 23.000 TL,Sadece Öğrenciyim,Ayda 1'den az / Çok nadir,Nadiren kazanırım (%20-30),Zarardayım (Kaybettiğim miktar daha fazla),5.001 - 15.000 TL,Doğrudan tekrar şans oyunlarına/bahise yatırırım,"Online Casino ve Şans Oyunları (Slot Oyunları (Sweet Bonanza, Big Bass vb.), Rulet, Poker, Blackjack vb.)",3- 5 yıl,3,1,1,3,3,5,4,4,5
34,1/10/26 18:02:47,1/10/26 18:05:28,anonymous,,,25,Erkek,Lisans,0 - 23.000 TL,Sadece Öğrenciyim,Ayda 1-3 kez,Ara sıra kazanırım (Yarı yarıya diyebilirim),"Kârdayım (Kazandığım miktar, kaybettiğimden fazla)",15.001 - 30.000 TL,"Keyfi harcamalar (yemek, eğlence, giyim vb.) için kullanırım","Spor Bahisleri (İddaa, Maç sonucu, Canlı bahis vb.)",1 - 3 yıl,3,4,3,2,5,5,1,3,3
35,1/10/26 18:03:57,1/10/26 18:06:31,anonymous,,,22,Erkek,Lisans,0 - 23.000 TL,Hem Çalışıyor Hem Okuyorum,Haftada birkaç kez,Sık kazanırım (Genelde boş geçmem),"Kârdayım (Kazandığım miktar, kaybettiğimden fazla)",30.000 TL üzeri,"Keyfi harcamalar (yemek, eğlence, giyim vb.) için kullanırım","Spor Bahisleri (İddaa, Maç sonucu, Canlı bahis vb.)",5 yıldan fazla,3,4,4,3,4,5,4,5,5
36,1/10/26 18:13:27,1/10/26 18:14:14,anonymous,,,23,Erkek,Lisans,0 - 23.000 TL,Sadece Öğrenciyim,Ayda 1-3 kez,Nadiren kazanırım (%20-30),Zarardayım (Kaybettiğim miktar daha fazla),15.001 - 30.000 TL,Biriktiririm / Yatırım yaparım,"Spor Bahisleri (İddaa, Maç sonucu, Canlı bahis vb.)",5 yıldan fazla,5,5,5,5,5,5,5,5,5
37,1/10/26 18:12:01,1/10/26 18:14:22,anonymous,,,23,Erkek,Lisansüstü (Yüksek Lisans/Doktora) ,100.000 TL üzeri,Hem Çalışıyor Hem Okuyorum,Ayda 1'den az / Çok nadir,Sık kazanırım (Genelde boş geçmem),"Kârdayım (Kazandığım miktar, kaybettiğimden fazla)",30.000 TL üzeri,Biriktiririm / Yatırım yaparım,"Online Casino ve Şans Oyunları (Slot Oyunları (Sweet Bonanza, Big Bass vb.), Rulet, Poker, Blackjack vb.)",5 yıldan fazla,4,3,2,1,2,4,5,5,3
38,1/10/26 18:13:36,1/10/26 18:15:13,anonymous,,,23,Erkek,Lisans,0 - 23.000 TL,Sadece Öğrenciyim,Ayda 1'den az / Çok nadir,Nadiren kazanırım (%20-30),Zarardayım (Kaybettiğim miktar daha fazla),0 - 1.000 TL,Doğrudan tekrar şans oyunlarına/bahise yatırırım,"Online Casino ve Şans Oyunları (Slot Oyunları (Sweet Bonanza, Big Bass vb.), Rulet, Poker, Blackjack vb.)",1 yıldan az,5,3,2,1,4,4,3,2,4
39,1/10/26 18:14:14,1/10/26 18:15:49,anonymous,,,21,Erkek,Lisans,23.001 - 35.000 TL,Sadece Öğrenciyim,Ayda 1'den az / Çok nadir,Ara sıra kazanırım (Yarı yarıya diyebilirim),"Kârdayım (Kazandığım miktar, kaybettiğimden fazla)",5.001 - 15.000 TL,"Keyfi harcamalar (yemek, eğlence, giyim vb.) için kullanırım","Spor Bahisleri (İddaa, Maç sonucu, Canlı bahis vb.)",1 - 3 yıl,4,4,4,4,2,3,3,2,5
40,1/10/26 18:14:36,1/10/26 18:16:21,anonymous,,,21,Erkek,Lisans,35.001 - 60.000 TL,Hem Çalışıyor Hem Okuyorum,Her gün,Ara sıra kazanırım (Yarı yarıya diyebilirim),Başa baş noktasındayım (Kazandığım ve kaybettiğim eşit gibi),30.000 TL üzeri,"Keyfi harcamalar (yemek, eğlence, giyim vb.) için kullanırım","Online Casino ve Şans Oyunları (Slot Oyunları (Sweet Bonanza, Big Bass vb.), Rulet, Poker, Blackjack vb.)",3- 5 yıl,4,5,4,4,2,3,2,4,4
41,1/10/26 18:14:39,1/10/26 18:16:46,anonymous,,,23,Erkek,Lisans,0 - 23.000 TL,Sadece Öğrenciyim,Ayda 1'den az / Çok nadir,Ara sıra kazanırım (Yarı yarıya diyebilirim),"Kârdayım (Kazandığım miktar, kaybettiğimden fazla)",0 - 1.000 TL,"Keyfi harcamalar (yemek, eğlence, giyim vb.) için kullanırım","Online Casino ve Şans Oyunları (Slot Oyunları (Sweet Bonanza, Big Bass vb.), Rulet, Poker, Blackjack vb.)",1 yıldan az,5,1,1,2,5,5,1,1,1
42,1/10/26 18:16:23,1/10/26 18:18:03,anonymous,,,24,Erkek,Lisans,23.001 - 35.000 TL,Tam Zamanlı Çalışıyorum,Ayda 1'den az / Çok nadir,Nadiren kazanırım (%20-30),Başa baş noktasındayım (Kazandığım ve kaybettiğim eşit gibi),0 - 1.000 TL,"Keyfi harcamalar (yemek, eğlence, giyim vb.) için kullanırım","Klasik Şans Oyunları (Milli Piyango, Sayısal Loto, Kazı Kazan)",5 yıldan fazla,5,1,1,3,3,5,3,2,5
43,1/10/26 18:22:02,1/10/26 18:23:39,anonymous,,,23,Erkek,Lisans,23.001 - 35.000 TL,Sadece Öğrenciyim,Haftada 1 kez,Nadiren kazanırım (%20-30),Zarardayım (Kaybettiğim miktar daha fazla),30.000 TL üzeri,"Keyfi harcamalar (yemek, eğlence, giyim vb.) için kullanırım","Spor Bahisleri (İddaa, Maç sonucu, Canlı bahis vb.)",5 yıldan fazla,4,2,3,1,5,5,1,5,5
44,1/10/26 18:26:01,1/10/26 18:27:54,anonymous,,,21,Kadın,Lisans,100.000 TL üzeri,Sadece Öğrenciyim,Ayda 1-3 kez,Ara sıra kazanırım (Yarı yarıya diyebilirim),Başa baş noktasındayım (Kazandığım ve kaybettiğim eşit gibi),5.001 - 15.000 TL,"Keyfi harcamalar (yemek, eğlence, giyim vb.) için kullanırım","Online Casino ve Şans Oyunları (Slot Oyunları (Sweet Bonanza, Big Bass vb.), Rulet, Poker, Blackjack vb.)",1 - 3 yıl,5,1,1,5,3,2,5,5,5
45,1/10/26 18:26:14,1/10/26 18:28:16,anonymous,,,24,Erkek,Lisans,35.001 - 60.000 TL,Hem Çalışıyor Hem Okuyorum,Ayda 1'den az / Çok nadir,Ara sıra kazanırım (Yarı yarıya diyebilirim),Başa baş noktasındayım (Kazandığım ve kaybettiğim eşit gibi),1.001 - 5.000 TL,"Keyfi harcamalar (yemek, eğlence, giyim vb.) için kullanırım","Online Casino ve Şans Oyunları (Slot Oyunları (Sweet Bonanza, Big Bass vb.), Rulet, Poker, Blackjack vb.)",1 - 3 yıl,3,2,4,1,3,1,4,4,4
46,1/10/26 18:29:27,1/10/26 18:30:59,anonymous,,,24,Kadın,Ön Lisans (MYO),0 - 23.000 TL,Hem Çalışıyor Hem Okuyorum,Ayda 1'den az / Çok nadir,Nadiren kazanırım (%20-30),Başa baş noktasındayım (Kazandığım ve kaybettiğim eşit gibi),0 - 1.000 TL,"Keyfi harcamalar (yemek, eğlence, giyim vb.) için kullanırım","Spor Bahisleri (İddaa, Maç sonucu, Canlı bahis vb.)",1 yıldan az,5,1,1,1,5,5,3,1,5
47,1/10/26 18:29:28,1/10/26 18:31:38,anonymous,,,24,Erkek,Ön Lisans (MYO),60.001 - 100.000 TL,Hem Çalışıyor Hem Okuyorum,Haftada 1 kez,Sık kazanırım (Genelde boş geçmem),"Kârdayım (Kazandığım miktar, kaybettiğimden fazla)",15.001 - 30.000 TL,"Keyfi harcamalar (yemek, eğlence, giyim vb.) için kullanırım","Spor Bahisleri (İddaa, Maç sonucu, Canlı bahis vb.)",1 - 3 yıl,2,5,5,3,1,3,1,5,3
48,1/10/26 18:31:30,1/10/26 18:32:42,anonymous,,,21,Erkek,Ön Lisans (MYO),0 - 23.000 TL,Sadece Öğrenciyim,Her gün,Ara sıra kazanırım (Yarı yarıya diyebilirim),Başa baş noktasındayım (Kazandığım ve kaybettiğim eşit gibi),30.000 TL üzeri,"Temel ihtiyaçlarım (kira, fatura, market) için kullanırım","Spor Bahisleri (İddaa, Maç sonucu, Canlı bahis vb.)",1 - 3 yıl,5,1,5,5,1,1,1,5,1
49,1/10/26 18:33:35,1/10/26 18:37:10,anonymous,,,20,Kadın,Lisans,23.001 - 35.000 TL,Sadece Öğrenciyim,Her gün,Ara sıra kazanırım (Yarı yarıya diyebilirim),Başa baş noktasındayım (Kazandığım ve kaybettiğim eşit gibi),30.000 TL üzeri,"Keyfi harcamalar (yemek, eğlence, giyim vb.) için kullanırım","Spor Bahisleri (İddaa, Maç sonucu, Canlı bahis vb.)",1 yıldan az,4,5,4,5,2,4,1,4,5
50,1/10/26 18:43:09,1/10/26 18:44:51,anonymous,,,23,Erkek,Lisans,60.001 - 100.000 TL,Hem Çalışıyor Hem Okuyorum,Ayda 1'den az / Çok nadir,Oynadığımda neredeyse hiç kazanmam (%0-10),Zarardayım (Kaybettiğim miktar daha fazla),0 - 1.000 TL,"Keyfi harcamalar (yemek, eğlence, giyim vb.) için kullanırım","Spor Bahisleri (İddaa, Maç sonucu, Canlı bahis vb.)",3- 5 yıl,5,1,1,1,1,5,1,5,1
51,1/10/26 18:50:52,1/10/26 18:52:51,anonymous,,,24,Kadın,Ön Lisans (MYO),23.001 - 35.000 TL,Tam Zamanlı Çalışıyorum,Ayda 1'den az / Çok nadir,Ara sıra kazanırım (Yarı yarıya diyebilirim),Başa baş noktasındayım (Kazandığım ve kaybettiğim eşit gibi),5.001 - 15.000 TL,"Keyfi harcamalar (yemek, eğlence, giyim vb.) için kullanırım","Online Casino ve Şans Oyunları (Slot Oyunları (Sweet Bonanza, Big Bass vb.), Rulet, Poker, Blackjack vb.)",3- 5 yıl,5,3,2,2,3,5,4,5,5
52,1/10/26 18:50:47,1/10/26 18:53:24,anonymous,,,23,Erkek,Lisans,0 - 23.000 TL,Sadece Öğrenciyim,Ayda 1'den az / Çok nadir,Sık kazanırım (Genelde boş geçmem),"Kârdayım (Kazandığım miktar, kaybettiğimden fazla)",30.000 TL üzeri,"Keyfi harcamalar (yemek, eğlence, giyim vb.) için kullanırım","Online Casino ve Şans Oyunları (Slot Oyunları (Sweet Bonanza, Big Bass vb.), Rulet, Poker, Blackjack vb.)",1 - 3 yıl,5,3,3,2,4,4,3,2,3
53,1/10/26 19:14:21,1/10/26 19:15:42,anonymous,,,24,Kadın,Lisans,0 - 23.000 TL,Sadece Öğrenciyim,Ayda 1'den az / Çok nadir,Nadiren kazanırım (%20-30),Zarardayım (Kaybettiğim miktar daha fazla),0 - 1.000 TL,"Keyfi harcamalar (yemek, eğlence, giyim vb.) için kullanırım","Online Casino ve Şans Oyunları (Slot Oyunları (Sweet Bonanza, Big Bass vb.), Rulet, Poker, Blackjack vb.)",3- 5 yıl,2,3,2,1,5,3,5,5,5
54,1/10/26 19:16:03,1/10/26 19:17:16,anonymous,,,22,Erkek,Lisans,0 - 23.000 TL,Sadece Öğrenciyim,Her gün,Ara sıra kazanırım (Yarı yarıya diyebilirim),Başa baş noktasındayım (Kazandığım ve kaybettiğim eşit gibi),30.000 TL üzeri,"Keyfi harcamalar (yemek, eğlence, giyim vb.) için kullanırım","Online Casino ve Şans Oyunları (Slot Oyunları (Sweet Bonanza, Big Bass vb.), Rulet, Poker, Blackjack vb.)",5 yıldan fazla,1,1,3,2,5,5,5,5,5
55,1/10/26 19:17:06,1/10/26 19:19:02,anonymous,,,20,Kadın,Lisans,23.001 - 35.000 TL,Sadece Öğrenciyim,Ayda 1-3 kez,Sık kazanırım (Genelde boş geçmem),Başa baş noktasındayım (Kazandığım ve kaybettiğim eşit gibi),30.000 TL üzeri,"Keyfi harcamalar (yemek, eğlence, giyim vb.) için kullanırım","Online Casino ve Şans Oyunları (Slot Oyunları (Sweet Bonanza, Big Bass vb.), Rulet, Poker, Blackjack vb.)",1 - 3 yıl,5,2,3,5,4,4,5,5,3
56,1/10/26 19:29:48,1/10/26 19:32:14,anonymous,,,30,Erkek,Lisansüstü (Yüksek Lisans/Doktora) ,60.001 - 100.000 TL,Tam Zamanlı Çalışıyorum,Ayda 1'den az / Çok nadir,Ara sıra kazanırım (Yarı yarıya diyebilirim),Başa baş noktasındayım (Kazandığım ve kaybettiğim eşit gibi),15.001 - 30.000 TL,"Keyfi harcamalar (yemek, eğlence, giyim vb.) için kullanırım","Online Casino ve Şans Oyunları (Slot Oyunları (Sweet Bonanza, Big Bass vb.), Rulet, Poker, Blackjack vb.)",5 yıldan fazla,5,1,5,2,5,5,5,3,2
57,1/10/26 19:32:59,1/10/26 19:34:47,anonymous,,,24,Erkek,Ön Lisans (MYO),35.001 - 60.000 TL,Tam Zamanlı Çalışıyorum,Ayda 1'den az / Çok nadir,Oynadığımda neredeyse hiç kazanmam (%0-10),Başa baş noktasındayım (Kazandığım ve kaybettiğim eşit gibi),1.001 - 5.000 TL,"Keyfi harcamalar (yemek, eğlence, giyim vb.) için kullanırım","Online Casino ve Şans Oyunları (Slot Oyunları (Sweet Bonanza, Big Bass vb.), Rulet, Poker, Blackjack vb.)",1 yıldan az,5,1,1,1,5,5,5,5,5
58,1/10/26 19:36:48,1/10/26 19:38:29,anonymous,,,24,Erkek,Lisansüstü (Yüksek Lisans/Doktora) ,100.000 TL üzeri,Tam Zamanlı Çalışıyorum,Haftada birkaç kez,Ara sıra kazanırım (Yarı yarıya diyebilirim),Başa baş noktasındayım (Kazandığım ve kaybettiğim eşit gibi),30.000 TL üzeri,"Keyfi harcamalar (yemek, eğlence, giyim vb.) için kullanırım","Spor Bahisleri (İddaa, Maç sonucu, Canlı bahis vb.)",5 yıldan fazla,2,5,5,3,5,2,3,1,3
59,1/10/26 19:40:08,1/10/26 19:41:47,anonymous,,,21,Erkek,Lisans,0 - 23.000 TL,Sadece Öğrenciyim,Her gün,Nadiren kazanırım (%20-30),Başa baş noktasındayım (Kazandığım ve kaybettiğim eşit gibi),5.001 - 15.000 TL,"Keyfi harcamalar (yemek, eğlence, giyim vb.) için kullanırım","Online Casino ve Şans Oyunları (Slot Oyunları (Sweet Bonanza, Big Bass vb.), Rulet, Poker, Blackjack vb.)",1 yıldan az,5,3,2,4,3,3,1,1,1
60,1/10/26 19:40:00,1/10/26 19:42:10,anonymous,,,20,Erkek,Lisans,0 - 23.000 TL,Sadece Öğrenciyim,Ayda 1-3 kez,Nadiren kazanırım (%20-30),Zarardayım (Kaybettiğim miktar daha fazla),1.001 - 5.000 TL,"Keyfi harcamalar (yemek, eğlence, giyim vb.) için kullanırım","Spor Bahisleri (İddaa, Maç sonucu, Canlı bahis vb.)",1 - 3 yıl,2,3,5,5,4,4,5,5,5
61,1/10/26 19:38:05,1/10/26 19:42:13,anonymous,,,21,Erkek,Lisans,0 - 23.000 TL,Sadece Öğrenciyim,Ayda 1'den az / Çok nadir,Nadiren kazanırım (%20-30),Zarardayım (Kaybettiğim miktar daha fazla),0 - 1.000 TL,"Keyfi harcamalar (yemek, eğlence, giyim vb.) için kullanırım","Spor Bahisleri (İddaa, Maç sonucu, Canlı bahis vb.)",5 yıldan fazla,4,3,2,1,3,3,1,4,2
62,1/10/26 19:43:39,1/10/26 19:45:52,anonymous,,,21,Erkek,Lisans,0 - 23.000 TL,Sadece Öğrenciyim,Haftada 1 kez,Ara sıra kazanırım (Yarı yarıya diyebilirim),"Kârdayım (Kazandığım miktar, kaybettiğimden fazla)",5.001 - 15.000 TL,"Keyfi harcamalar (yemek, eğlence, giyim vb.) için kullanırım","Online Casino ve Şans Oyunları (Slot Oyunları (Sweet Bonanza, Big Bass vb.), Rulet, Poker, Blackjack vb.)",1 - 3 yıl,3,4,3,5,4,4,1,5,4
63,1/10/26 19:44:58,1/10/26 19:47:35,anonymous,,,19,Erkek,Lisans,23.001 - 35.000 TL,Sadece Öğrenciyim,Ayda 1'den az / Çok nadir,Nadiren kazanırım (%20-30),Başa baş noktasındayım (Kazandığım ve kaybettiğim eşit gibi),0 - 1.000 TL,"Keyfi harcamalar (yemek, eğlence, giyim vb.) için kullanırım","Online Casino ve Şans Oyunları (Slot Oyunları (Sweet Bonanza, Big Bass vb.), Rulet, Poker, Blackjack vb.)",1 - 3 yıl,3,3,2,4,3,3,1,4,2
64,1/10/26 20:19:01,1/10/26 20:20:44,anonymous,,,25,Erkek,Lisans,23.001 - 35.000 TL,Sadece Öğrenciyim,Haftada 1 kez,Ara sıra kazanırım (Yarı yarıya diyebilirim),Zarardayım (Kaybettiğim miktar daha fazla),0 - 1.000 TL,Doğrudan tekrar şans oyunlarına/bahise yatırırım,"Online Casino ve Şans Oyunları (Slot Oyunları (Sweet Bonanza, Big Bass vb.), Rulet, Poker, Blackjack vb.)",3- 5 yıl,4,4,4,4,4,4,2,2,2
65,1/10/26 20:22:45,1/10/26 20:24:32,anonymous,,,30,Erkek,Lisans,0 - 23.000 TL,Sadece Öğrenciyim,Ayda 1'den az / Çok nadir,Oynadığımda neredeyse hiç kazanmam (%0-10),Zarardayım (Kaybettiğim miktar daha fazla),0 - 1.000 TL,"Keyfi harcamalar (yemek, eğlence, giyim vb.) için kullanırım","Klasik Şans Oyunları (Milli Piyango, Sayısal Loto, Kazı Kazan)",1 yıldan az,1,1,1,3,5,2,2,4,1
66,1/10/26 20:23:45,1/10/26 20:26:10,anonymous,,,19,Erkek,Lisans,0 - 23.000 TL,Sadece Öğrenciyim,Ayda 1'den az / Çok nadir,Sık kazanırım (Genelde boş geçmem),"Kârdayım (Kazandığım miktar, kaybettiğimden fazla)",0 - 1.000 TL,Biriktiririm / Yatırım yaparım,"Klasik Şans Oyunları (Milli Piyango, Sayısal Loto, Kazı Kazan)",5 yıldan fazla,5,2,1,1,1,5,1,4,1
67,1/10/26 20:25:16,1/10/26 20:28:54,anonymous,,,21,Erkek,Lisans,35.001 - 60.000 TL,Sadece Öğrenciyim,Haftada birkaç kez,Sık kazanırım (Genelde boş geçmem),"Kârdayım (Kazandığım miktar, kaybettiğimden fazla)",30.000 TL üzeri,Biriktiririm / Yatırım yaparım,"Spor Bahisleri (İddaa, Maç sonucu, Canlı bahis vb.)",5 yıldan fazla,1,5,5,1,5,5,1,1,3
68,1/10/26 20:48:06,1/10/26 20:49:50,anonymous,,,25,Erkek,Lisans,35.001 - 60.000 TL,Tam Zamanlı Çalışıyorum,Haftada birkaç kez,Ara sıra kazanırım (Yarı yarıya diyebilirim),Başa baş noktasındayım (Kazandığım ve kaybettiğim eşit gibi),30.000 TL üzeri,Doğrudan tekrar şans oyunlarına/bahise yatırırım,"Online Casino ve Şans Oyunları (Slot Oyunları (Sweet Bonanza, Big Bass vb.), Rulet, Poker, Blackjack vb.)",1 - 3 yıl,3,5,5,2,5,5,5,5,5
69,1/10/26 21:09:21,1/10/26 21:11:33,anonymous,,,25,Erkek,Lisans,35.001 - 60.000 TL,Tam Zamanlı Çalışıyorum,Ayda 1'den az / Çok nadir,Neredeyse her oynadığımda kazanırım,"Kârdayım (Kazandığım miktar, kaybettiğimden fazla)",30.000 TL üzeri,Biriktiririm / Yatırım yaparım,"Spor Bahisleri (İddaa, Maç sonucu, Canlı bahis vb.)",5 yıldan fazla,1,2,2,1,3,1,1,5,2
70,1/10/26 21:12:13,1/10/26 21:21:42,anonymous,,,24,Erkek,Lisans,0 - 23.000 TL,Sadece Öğrenciyim,Ayda 1'den az / Çok nadir,Nadiren kazanırım (%20-30),Başa baş noktasındayım (Kazandığım ve kaybettiğim eşit gibi),1.001 - 5.000 TL,"Keyfi harcamalar (yemek, eğlence, giyim vb.) için kullanırım","Online Casino ve Şans Oyunları (Slot Oyunları (Sweet Bonanza, Big Bass vb.), Rulet, Poker, Blackjack vb.)",5 yıldan fazla,5,5,5,5,5,1,1,5,1
71,1/10/26 21:20:12,1/10/26 21:22:02,anonymous,,,20,Erkek,Lisans,23.001 - 35.000 TL,Sadece Öğrenciyim,Ayda 1-3 kez,Nadiren kazanırım (%20-30),Zarardayım (Kaybettiğim miktar daha fazla),5.001 - 15.000 TL,Doğrudan tekrar şans oyunlarına/bahise yatırırım,"Spor Bahisleri (İddaa, Maç sonucu, Canlı bahis vb.)",1 - 3 yıl,5,1,1,1,3,5,5,5,5
72,1/10/26 21:48:12,1/10/26 21:50:14,anonymous,,,24,Erkek,Lisans,0 - 23.000 TL,Tam Zamanlı Çalışıyorum,Ayda 1'den az / Çok nadir,Nadiren kazanırım (%20-30),Zarardayım (Kaybettiğim miktar daha fazla),0 - 1.000 TL,"Keyfi harcamalar (yemek, eğlence, giyim vb.) için kullanırım","Spor Bahisleri (İddaa, Maç sonucu, Canlı bahis vb.)",5 yıldan fazla,5,3,2,1,5,5,5,5,5
73,1/10/26 22:12:27,1/10/26 22:14:08,anonymous,,,20,Kadın,Lisans,35.001 - 60.000 TL,Hem Çalışıyor Hem Okuyorum,Ayda 1-3 kez,Sık kazanırım (Genelde boş geçmem),Başa baş noktasındayım (Kazandığım ve kaybettiğim eşit gibi),5.001 - 15.000 TL,"Keyfi harcamalar (yemek, eğlence, giyim vb.) için kullanırım","Online Casino ve Şans Oyunları (Slot Oyunları (Sweet Bonanza, Big Bass vb.), Rulet, Poker, Blackjack vb.)",1 yıldan az,2,3,2,2,4,2,3,2,3
74,1/10/26 23:08:21,1/10/26 23:10:10,anonymous,,,22,Erkek,Lisans,0 - 23.000 TL,Sadece Öğrenciyim,Her gün,Sık kazanırım (Genelde boş geçmem),"Kârdayım (Kazandığım miktar, kaybettiğimden fazla)",15.001 - 30.000 TL,"Temel ihtiyaçlarım (kira, fatura, market) için kullanırım","Spor Bahisleri (İddaa, Maç sonucu, Canlı bahis vb.)",5 yıldan fazla,2,5,4,4,1,4,1,1,3
75,1/11/26 0:47:11,1/11/26 0:49:01,anonymous,,,23,Erkek,Lisans,0 - 23.000 TL,Hem Çalışıyor Hem Okuyorum,Haftada birkaç kez,Nadiren kazanırım (%20-30),Zarardayım (Kaybettiğim miktar daha fazla),30.000 TL üzeri,"Keyfi harcamalar (yemek, eğlence, giyim vb.) için kullanırım","Spor Bahisleri (İddaa, Maç sonucu, Canlı bahis vb.)",5 yıldan fazla,5,2,5,3,5,5,2,5,5
76,1/11/26 1:56:37,1/11/26 1:58:36,anonymous,,,21,Erkek,Lisans,0 - 23.000 TL,Hem Çalışıyor Hem Okuyorum,Ayda 1'den az / Çok nadir,Nadiren kazanırım (%20-30),Zarardayım (Kaybettiğim miktar daha fazla),0 - 1.000 TL,Doğrudan tekrar şans oyunlarına/bahise yatırırım,"Klasik Şans Oyunları (Milli Piyango, Sayısal Loto, Kazı Kazan)",1 - 3 yıl,5,3,3,1,3,3,4,3,4
77,1/11/26 12:47:26,1/11/26 12:48:45,anonymous,,,18,Erkek,Lisans,60.001 - 100.000 TL,Hem Çalışıyor Hem Okuyorum,Ayda 1'den az / Çok nadir,Oynadığımda neredeyse hiç kazanmam (%0-10),Zarardayım (Kaybettiğim miktar daha fazla),0 - 1.000 TL,"Keyfi harcamalar (yemek, eğlence, giyim vb.) için kullanırım","Spor Bahisleri (İddaa, Maç sonucu, Canlı bahis vb.)",3- 5 yıl,5,3,3,4,5,5,3,5,3
78,1/11/26 14:06:49,1/11/26 14:17:07,anonymous,,,24,Erkek,Lisans,23.001 - 35.000 TL,Hem Çalışıyor Hem Okuyorum,Haftada birkaç kez,Ara sıra kazanırım (Yarı yarıya diyebilirim),Zarardayım (Kaybettiğim miktar daha fazla),15.001 - 30.000 TL,"Keyfi harcamalar (yemek, eğlence, giyim vb.) için kullanırım","Spor Bahisleri (İddaa, Maç sonucu, Canlı bahis vb.)",3- 5 yıl,4,4,4,4,5,3,5,5,5
79,1/11/26 14:50:42,1/11/26 14:52:44,anonymous,,,25,Erkek,Lisans,100.000 TL üzeri,Hem Çalışıyor Hem Okuyorum,Ayda 1'den az / Çok nadir,Ara sıra kazanırım (Yarı yarıya diyebilirim),Başa baş noktasındayım (Kazandığım ve kaybettiğim eşit gibi),30.000 TL üzeri,"Keyfi harcamalar (yemek, eğlence, giyim vb.) için kullanırım","Online Casino ve Şans Oyunları (Slot Oyunları (Sweet Bonanza, Big Bass vb.), Rulet, Poker, Blackjack vb.)",3- 5 yıl,5,1,1,2,5,5,5,3,5
80,1/11/26 16:57:02,1/11/26 17:02:07,anonymous,,,23,Erkek,Lisans,0 - 23.000 TL,Sadece Öğrenciyim,Ayda 1'den az / Çok nadir,Nadiren kazanırım (%20-30),Başa baş noktasındayım (Kazandığım ve kaybettiğim eşit gibi),0 - 1.000 TL,"Keyfi harcamalar (yemek, eğlence, giyim vb.) için kullanırım","Spor Bahisleri (İddaa, Maç sonucu, Canlı bahis vb.)",1 - 3 yıl,3,3,3,1,5,5,5,5,4
81,1/11/26 18:13:01,1/11/26 18:13:53,anonymous,,,22,Kadın,Lisansüstü (Yüksek Lisans/Doktora) ,100.000 TL üzeri,İşsizim,Haftada birkaç kez,Oynadığımda neredeyse hiç kazanmam (%0-10),Zarardayım (Kaybettiğim miktar daha fazla),30.000 TL üzeri,Biriktiririm / Yatırım yaparım,"Klasik Şans Oyunları (Milli Piyango, Sayısal Loto, Kazı Kazan)",5 yıldan fazla,5,5,5,5,5,5,1,5,1
82,1/11/26 18:41:08,1/11/26 18:43:54,anonymous,,,22,Erkek,Ön Lisans (MYO),60.001 - 100.000 TL,Tam Zamanlı Çalışıyorum,Ayda 1'den az / Çok nadir,Oynadığımda neredeyse hiç kazanmam (%0-10),Zarardayım (Kaybettiğim miktar daha fazla),0 - 1.000 TL,"Keyfi harcamalar (yemek, eğlence, giyim vb.) için kullanırım","Spor Bahisleri (İddaa, Maç sonucu, Canlı bahis vb.)",1 yıldan az,5,5,5,5,3,1,1,1,5
83,1/11/26 18:45:08,1/11/26 18:46:18,anonymous,,,27,Erkek,Lisans,100.000 TL üzeri,Tam Zamanlı Çalışıyorum,Ayda 1'den az / Çok nadir,Nadiren kazanırım (%20-30),"Kârdayım (Kazandığım miktar, kaybettiğimden fazla)",0 - 1.000 TL,"Keyfi harcamalar (yemek, eğlence, giyim vb.) için kullanırım","Spor Bahisleri (İddaa, Maç sonucu, Canlı bahis vb.)",1 yıldan az,5,3,5,5,1,5,5,5,5
84,1/11/26 18:53:11,1/11/26 18:55:25,anonymous,,,24,Kadın,Lisans,23.001 - 35.000 TL,Sadece Öğrenciyim,Ayda 1'den az / Çok nadir,Oynadığımda neredeyse hiç kazanmam (%0-10),Zarardayım (Kaybettiğim miktar daha fazla),0 - 1.000 TL,"Keyfi harcamalar (yemek, eğlence, giyim vb.) için kullanırım","Klasik Şans Oyunları (Milli Piyango, Sayısal Loto, Kazı Kazan)",1 yıldan az,5,1,1,1,1,1,5,5,1
85,1/11/26 18:56:31,1/11/26 18:57:37,anonymous,,,17,Erkek,Lise,0 - 23.000 TL,Hem Çalışıyor Hem Okuyorum,Haftada birkaç kez,Nadiren kazanırım (%20-30),Başa baş noktasındayım (Kazandığım ve kaybettiğim eşit gibi),5.001 - 15.000 TL,Doğrudan tekrar şans oyunlarına/bahise yatırırım,"Online Casino ve Şans Oyunları (Slot Oyunları (Sweet Bonanza, Big Bass vb.), Rulet, Poker, Blackjack vb.)",3- 5 yıl,3,3,2,3,3,2,5,1,5
86,1/11/26 19:03:31,1/11/26 19:06:30,anonymous,,,23,Kadın,Lisans,0 - 23.000 TL,Sadece Öğrenciyim,Ayda 1'den az / Çok nadir,Oynadığımda neredeyse hiç kazanmam (%0-10),Başa baş noktasındayım (Kazandığım ve kaybettiğim eşit gibi),0 - 1.000 TL,"Keyfi harcamalar (yemek, eğlence, giyim vb.) için kullanırım","Klasik Şans Oyunları (Milli Piyango, Sayısal Loto, Kazı Kazan)",1 yıldan az,4,4,4,1,4,4,5,5,5
87,1/11/26 19:05:04,1/11/26 19:07:23,anonymous,,,21,Erkek,Ön Lisans (MYO),23.001 - 35.000 TL,Hem Çalışıyor Hem Okuyorum,Ayda 1'den az / Çok nadir,Oynadığımda neredeyse hiç kazanmam (%0-10),Zarardayım (Kaybettiğim miktar daha fazla),0 - 1.000 TL,Doğrudan tekrar şans oyunlarına/bahise yatırırım,"Spor Bahisleri (İddaa, Maç sonucu, Canlı bahis vb.)",1 yıldan az,5,1,2,1,3,5,5,5,5
88,1/11/26 19:10:43,1/11/26 19:11:42,anonymous,,,24,Erkek,Lisans,35.001 - 60.000 TL,Hem Çalışıyor Hem Okuyorum,Haftada birkaç kez,Nadiren kazanırım (%20-30),"Kârdayım (Kazandığım miktar, kaybettiğimden fazla)",5.001 - 15.000 TL,"Keyfi harcamalar (yemek, eğlence, giyim vb.) için kullanırım","Online Casino ve Şans Oyunları (Slot Oyunları (Sweet Bonanza, Big Bass vb.), Rulet, Poker, Blackjack vb.)",1 - 3 yıl,5,3,1,3,5,5,1,3,3
89,1/11/26 19:12:47,1/11/26 19:14:20,anonymous,,,22,Erkek,Lisans,35.001 - 60.000 TL,Sadece Öğrenciyim,Haftada birkaç kez,Ara sıra kazanırım (Yarı yarıya diyebilirim),Zarardayım (Kaybettiğim miktar daha fazla),30.000 TL üzeri,Doğrudan tekrar şans oyunlarına/bahise yatırırım,"Online Casino ve Şans Oyunları (Slot Oyunları (Sweet Bonanza, Big Bass vb.), Rulet, Poker, Blackjack vb.)",1 - 3 yıl,4,4,4,5,4,5,5,5,5
90,1/11/26 19:10:30,1/11/26 19:15:42,anonymous,,,19,Erkek,Lisans,0 - 23.000 TL,Sadece Öğrenciyim,Ayda 1'den az / Çok nadir,Sık kazanırım (Genelde boş geçmem),"Kârdayım (Kazandığım miktar, kaybettiğimden fazla)",0 - 1.000 TL,"Keyfi harcamalar (yemek, eğlence, giyim vb.) için kullanırım","Online Casino ve Şans Oyunları (Slot Oyunları (Sweet Bonanza, Big Bass vb.), Rulet, Poker, Blackjack vb.)",1 yıldan az,2,4,4,3,4,5,5,5,1
91,1/11/26 19:14:35,1/11/26 19:16:43,anonymous,,,27,Erkek,Ön Lisans (MYO),23.001 - 35.000 TL,Tam Zamanlı Çalışıyorum,Ayda 1'den az / Çok nadir,Ara sıra kazanırım (Yarı yarıya diyebilirim),"Kârdayım (Kazandığım miktar, kaybettiğimden fazla)",0 - 1.000 TL,"Temel ihtiyaçlarım (kira, fatura, market) için kullanırım","Klasik Şans Oyunları (Milli Piyango, Sayısal Loto, Kazı Kazan)",1 yıldan az,5,1,3,2,3,5,3,5,3
92,1/11/26 19:16:36,1/11/26 19:17:57,anonymous,,,25,Erkek,Lisans,35.001 - 60.000 TL,Tam Zamanlı Çalışıyorum,Ayda 1'den az / Çok nadir,Nadiren kazanırım (%20-30),Zarardayım (Kaybettiğim miktar daha fazla),0 - 1.000 TL,"Keyfi harcamalar (yemek, eğlence, giyim vb.) için kullanırım","Spor Bahisleri (İddaa, Maç sonucu, Canlı bahis vb.)",5 yıldan fazla,2,4,3,4,5,5,4,4,5
93,1/11/26 19:20:43,1/11/26 19:22:24,anonymous,,,23,Erkek,Lisans,0 - 23.000 TL,Sadece Öğrenciyim,Ayda 1'den az / Çok nadir,Oynadığımda neredeyse hiç kazanmam (%0-10),Zarardayım (Kaybettiğim miktar daha fazla),0 - 1.000 TL,Doğrudan tekrar şans oyunlarına/bahise yatırırım,"Spor Bahisleri (İddaa, Maç sonucu, Canlı bahis vb.)",1 yıldan az,5,5,5,5,3,3,2,3,3
94,1/11/26 19:45:38,1/11/26 19:49:25,anonymous,,,21,Erkek,Lise,23.001 - 35.000 TL,İşsizim,Ayda 1'den az / Çok nadir,Ara sıra kazanırım (Yarı yarıya diyebilirim),Başa baş noktasındayım (Kazandığım ve kaybettiğim eşit gibi),0 - 1.000 TL,"Keyfi harcamalar (yemek, eğlence, giyim vb.) için kullanırım","Klasik Şans Oyunları (Milli Piyango, Sayısal Loto, Kazı Kazan)",1 yıldan az,1,5,1,5,5,1,5,5,5
95,1/11/26 19:55:29,1/11/26 19:57:46,anonymous,,,23,Erkek,Ön Lisans (MYO),23.001 - 35.000 TL,İşsizim,Ayda 1'den az / Çok nadir,Nadiren kazanırım (%20-30),Başa baş noktasındayım (Kazandığım ve kaybettiğim eşit gibi),0 - 1.000 TL,"Keyfi harcamalar (yemek, eğlence, giyim vb.) için kullanırım","Spor Bahisleri (İddaa, Maç sonucu, Canlı bahis vb.)",1 yıldan az,5,1,1,1,5,5,5,5,5
96,1/11/26 20:09:26,1/11/26 20:13:10,anonymous,,,24,Erkek,Lisans,0 - 23.000 TL,Sadece Öğrenciyim,Ayda 1'den az / Çok nadir,Neredeyse her oynadığımda kazanırım,"Kârdayım (Kazandığım miktar, kaybettiğimden fazla)",0 - 1.000 TL,"Keyfi harcamalar (yemek, eğlence, giyim vb.) için kullanırım","Spor Bahisleri (İddaa, Maç sonucu, Canlı bahis vb.)",1 yıldan az,3,4,4,4,2,3,4,3,4
97,1/11/26 20:24:10,1/11/26 20:26:06,anonymous,,,18,Erkek,Lise,0 - 23.000 TL,Hem Çalışıyor Hem Okuyorum,Ayda 1'den az / Çok nadir,Neredeyse her oynadığımda kazanırım,Başa baş noktasındayım (Kazandığım ve kaybettiğim eşit gibi),0 - 1.000 TL,"Temel ihtiyaçlarım (kira, fatura, market) için kullanırım","Online Casino ve Şans Oyunları (Slot Oyunları (Sweet Bonanza, Big Bass vb.), Rulet, Poker, Blackjack vb.)",1 yıldan az,5,3,5,5,2,5,3,5,5
98,1/11/26 20:54:27,1/11/26 20:56:32,anonymous,,,24,Erkek,Lise,23.001 - 35.000 TL,Tam Zamanlı Çalışıyorum,Ayda 1'den az / Çok nadir,Oynadığımda neredeyse hiç kazanmam (%0-10),Başa baş noktasındayım (Kazandığım ve kaybettiğim eşit gibi),0 - 1.000 TL,Doğrudan tekrar şans oyunlarına/bahise yatırırım,"Online Casino ve Şans Oyunları (Slot Oyunları (Sweet Bonanza, Big Bass vb.), Rulet, Poker, Blackjack vb.)",1 yıldan az,3,3,3,4,2,5,3,5,5
99,1/11/26 22:21:22,1/11/26 22:25:40,anonymous,,,25,Erkek,Lisans,60.001 - 100.000 TL,Tam Zamanlı Çalışıyorum,Ayda 1-3 kez,Nadiren kazanırım (%20-30),Zarardayım (Kaybettiğim miktar daha fazla),0 - 1.000 TL,Doğrudan tekrar şans oyunlarına/bahise yatırırım,"Spor Bahisleri (İddaa, Maç sonucu, Canlı bahis vb.)",1 - 3 yıl,4,2,3,1,2,5,5,5,4
100,1/11/26 22:45:47,1/11/26 22:46:47,anonymous,,,30,Erkek,Lisansüstü (Yüksek Lisans/Doktora) ,100.000 TL üzeri,Tam Zamanlı Çalışıyorum,Ayda 1'den az / Çok nadir,Nadiren kazanırım (%20-30),Zarardayım (Kaybettiğim miktar daha fazla),1.001 - 5.000 TL,"Keyfi harcamalar (yemek, eğlence, giyim vb.) için kullanırım","Spor Bahisleri (İddaa, Maç sonucu, Canlı bahis vb.)",3- 5 yıl,3,3,3,3,3,3,3,3,3
101,1/11/26 22:43:25,1/11/26 22:55:47,anonymous,,,18,Erkek,Lise,0 - 23.000 TL,Sadece Öğrenciyim,Ayda 1-3 kez,Ara sıra kazanırım (Yarı yarıya diyebilirim),Başa baş noktasındayım (Kazandığım ve kaybettiğim eşit gibi),15.001 - 30.000 TL,"Keyfi harcamalar (yemek, eğlence, giyim vb.) için kullanırım","Spor Bahisleri (İddaa, Maç sonucu, Canlı bahis vb.)",1 - 3 yıl,3,5,5,1,5,5,5,5,5
102,1/11/26 22:57:08,1/11/26 22:58:37,anonymous,,,18,Erkek,Lise,0 - 23.000 TL,Sadece Öğrenciyim,Ayda 1'den az / Çok nadir,Nadiren kazanırım (%20-30),Başa baş noktasındayım (Kazandığım ve kaybettiğim eşit gibi),1.001 - 5.000 TL,"Keyfi harcamalar (yemek, eğlence, giyim vb.) için kullanırım","Spor Bahisleri (İddaa, Maç sonucu, Canlı bahis vb.)",1 yıldan az,1,1,1,1,1,1,1,1,1
103,1/11/26 22:59:25,1/11/26 23:00:10,anonymous,,,18,Erkek,Ön Lisans (MYO),0 - 23.000 TL,Sadece Öğrenciyim,Ayda 1-3 kez,Nadiren kazanırım (%20-30),Başa baş noktasındayım (Kazandığım ve kaybettiğim eşit gibi),5.001 - 15.000 TL,Doğrudan tekrar şans oyunlarına/bahise yatırırım,"Online Casino ve Şans Oyunları (Slot Oyunları (Sweet Bonanza, Big Bass vb.), Rulet, Poker, Blackjack vb.)",1 - 3 yıl,3,3,2,4,2,2,5,2,3
104,1/11/26 23:41:38,1/11/26 23:42:47,anonymous,,,30,Kadın,Lisans,60.001 - 100.000 TL,Tam Zamanlı Çalışıyorum,Haftada 1 kez,Ara sıra kazanırım (Yarı yarıya diyebilirim),Başa baş noktasındayım (Kazandığım ve kaybettiğim eşit gibi),5.001 - 15.000 TL,Doğrudan tekrar şans oyunlarına/bahise yatırırım,"Online Casino ve Şans Oyunları (Slot Oyunları (Sweet Bonanza, Big Bass vb.), Rulet, Poker, Blackjack vb.)",3- 5 yıl,5,4,3,2,3,3,3,3,3
105,1/11/26 23:42:49,1/11/26 23:43:53,anonymous,,,29,Erkek,Lise,35.001 - 60.000 TL,Tam Zamanlı Çalışıyorum,Ayda 1-3 kez,Nadiren kazanırım (%20-30),"Kârdayım (Kazandığım miktar, kaybettiğimden fazla)",0 - 1.000 TL,"Temel ihtiyaçlarım (kira, fatura, market) için kullanırım","Spor Bahisleri (İddaa, Maç sonucu, Canlı bahis vb.)",1 - 3 yıl,4,4,4,3,5,3,1,1,3
106,1/11/26 23:43:57,1/11/26 23:45:03,anonymous,,,19,Erkek,Lise,23.001 - 35.000 TL,Sadece Öğrenciyim,Ayda 1-3 kez,Ara sıra kazanırım (Yarı yarıya diyebilirim),Zarardayım (Kaybettiğim miktar daha fazla),0 - 1.000 TL,Doğrudan tekrar şans oyunlarına/bahise yatırırım,"Online Casino ve Şans Oyunları (Slot Oyunları (Sweet Bonanza, Big Bass vb.), Rulet, Poker, Blackjack vb.)",1 yıldan az,5,5,5,5,1,1,1,3,2
107,1/11/26 23:45:06,1/11/26 23:46:20,anonymous,,,35,Erkek,Lisans,60.001 - 100.000 TL,Tam Zamanlı Çalışıyorum,Haftada birkaç kez,Neredeyse her oynadığımda kazanırım,"Kârdayım (Kazandığım miktar, kaybettiğimden fazla)",1.001 - 5.000 TL,"Keyfi harcamalar (yemek, eğlence, giyim vb.) için kullanırım","Spor Bahisleri (İddaa, Maç sonucu, Canlı bahis vb.)",1 - 3 yıl,2,5,5,3,3,3,2,3,3
108,1/11/26 23:46:22,1/11/26 23:47:54,anonymous,,,24,Kadın,Ön Lisans (MYO),35.001 - 60.000 TL,Tam Zamanlı Çalışıyorum,Haftada 1 kez,Sık kazanırım (Genelde boş geçmem),"Kârdayım (Kazandığım miktar, kaybettiğimden fazla)",1.001 - 5.000 TL,"Keyfi harcamalar (yemek, eğlence, giyim vb.) için kullanırım","Yeni Nesil Hızlı Oyunlar (Aviator, Zeppelin, Spaceman vb.)",1 - 3 yıl,1,4,4,5,2,2,1,1,2
109,1/11/26 23:47:56,1/11/26 23:48:59,anonymous,,,21,Erkek,Lisans,23.001 - 35.000 TL,Sadece Öğrenciyim,Haftada 1 kez,Nadiren kazanırım (%20-30),Başa baş noktasındayım (Kazandığım ve kaybettiğim eşit gibi),0 - 1.000 TL,Doğrudan tekrar şans oyunlarına/bahise yatırırım,"Spor Bahisleri (İddaa, Maç sonucu, Canlı bahis vb.)",1 - 3 yıl,4,2,2,2,3,3,2,3,3
110,1/11/26 23:49:03,1/11/26 23:50:04,anonymous,,,40,Erkek,Lisans,100.000 TL üzeri,Tam Zamanlı Çalışıyorum,Ayda 1'den az / Çok nadir,Oynadığımda neredeyse hiç kazanmam (%0-10),Başa baş noktasındayım (Kazandığım ve kaybettiğim eşit gibi),0 - 1.000 TL,Doğrudan tekrar şans oyunlarına/bahise yatırırım,"Online Casino ve Şans Oyunları (Slot Oyunları (Sweet Bonanza, Big Bass vb.), Rulet, Poker, Blackjack vb.)",1 - 3 yıl,5,1,1,2,4,5,5,5,5
111,1/11/26 23:50:06,1/11/26 23:50:57,anonymous,,,26,Kadın,Lisans,35.001 - 60.000 TL,Tam Zamanlı Çalışıyorum,Haftada 1 kez,Ara sıra kazanırım (Yarı yarıya diyebilirim),Zarardayım (Kaybettiğim miktar daha fazla),0 - 1.000 TL,"Keyfi harcamalar (yemek, eğlence, giyim vb.) için kullanırım","Spor Bahisleri (İddaa, Maç sonucu, Canlı bahis vb.)",3- 5 yıl,4,2,2,3,3,4,4,4,4
112,1/11/26 23:50:59,1/11/26 23:52:16,anonymous,,,24,Erkek,Lisans,23.001 - 35.000 TL,Sadece Öğrenciyim,Haftada 1 kez,Nadiren kazanırım (%20-30),Başa baş noktasındayım (Kazandığım ve kaybettiğim eşit gibi),5.001 - 15.000 TL,"Temel ihtiyaçlarım (kira, fatura, market) için kullanırım","Online Casino ve Şans Oyunları (Slot Oyunları (Sweet Bonanza, Big Bass vb.), Rulet, Poker, Blackjack vb.)",3- 5 yıl,3,4,4,3,3,3,3,3,3
113,1/11/26 23:52:19,1/11/26 23:53:10,anonymous,,,22,Erkek,Lisans,0 - 23.000 TL,Sadece Öğrenciyim,Ayda 1'den az / Çok nadir,Nadiren kazanırım (%20-30),Başa baş noktasındayım (Kazandığım ve kaybettiğim eşit gibi),0 - 1.000 TL,"Keyfi harcamalar (yemek, eğlence, giyim vb.) için kullanırım","Klasik Şans Oyunları (Milli Piyango, Sayısal Loto, Kazı Kazan)",1 yıldan az,5,1,1,3,4,4,4,4,4
114,1/11/26 23:53:21,1/11/26 23:54:12,anonymous,,,25,Kadın,Lisans,23.001 - 35.000 TL,Sadece Öğrenciyim,Ayda 1'den az / Çok nadir,Oynadığımda neredeyse hiç kazanmam (%0-10),Zarardayım (Kaybettiğim miktar daha fazla),0 - 1.000 TL,"Keyfi harcamalar (yemek, eğlence, giyim vb.) için kullanırım","Online Casino ve Şans Oyunları (Slot Oyunları (Sweet Bonanza, Big Bass vb.), Rulet, Poker, Blackjack vb.)",1 yıldan az,4,2,2,2,3,4,4,4,4
115,1/11/26 23:54:14,1/11/26 23:55:56,anonymous,,,26,Kadın,Ön Lisans (MYO),23.001 - 35.000 TL,Tam Zamanlı Çalışıyorum,Ayda 1-3 kez,Nadiren kazanırım (%20-30),Başa baş noktasındayım (Kazandığım ve kaybettiğim eşit gibi),0 - 1.000 TL,"Temel ihtiyaçlarım (kira, fatura, market) için kullanırım","Klasik Şans Oyunları (Milli Piyango, Sayısal Loto, Kazı Kazan)",3- 5 yıl,5,2,2,3,4,5,5,5,5
116,1/11/26 23:55:58,1/11/26 23:56:45,anonymous,,,24,Erkek,Lisans,23.001 - 35.000 TL,Hem Çalışıyor Hem Okuyorum,Haftada birkaç kez,Ara sıra kazanırım (Yarı yarıya diyebilirim),Başa baş noktasındayım (Kazandığım ve kaybettiğim eşit gibi),1.001 - 5.000 TL,"Temel ihtiyaçlarım (kira, fatura, market) için kullanırım","Spor Bahisleri (İddaa, Maç sonucu, Canlı bahis vb.)",1 - 3 yıl,5,1,1,2,4,4,4,4,4
117,1/11/26 23:57:07,1/11/26 23:58:01,anonymous,,,29,Erkek,Lisans,35.001 - 60.000 TL,Tam Zamanlı Çalışıyorum,Haftada birkaç kez,Ara sıra kazanırım (Yarı yarıya diyebilirim),Zarardayım (Kaybettiğim miktar daha fazla),0 - 1.000 TL,Doğrudan tekrar şans oyunlarına/bahise yatırırım,"Spor Bahisleri (İddaa, Maç sonucu, Canlı bahis vb.)",3- 5 yıl,2,5,5,2,3,2,2,2,1
118,1/11/26 23:58:10,1/11/26 23:59:06,anonymous,,,24,Erkek,Ön Lisans (MYO),60.001 - 100.000 TL,Tam Zamanlı Çalışıyorum,Ayda 1-3 kez,Ara sıra kazanırım (Yarı yarıya diyebilirim),"Kârdayım (Kazandığım miktar, kaybettiğimden fazla)",15.001 - 30.000 TL,Doğrudan tekrar şans oyunlarına/bahise yatırırım,"Spor Bahisleri (İddaa, Maç sonucu, Canlı bahis vb.)",1 - 3 yıl,3,4,4,2,2,3,1,4,5
119,1/11/26 23:59:18,1/12/26 0:01:07,anonymous,,,24,Kadın,Lisans,23.001 - 35.000 TL,Sadece Öğrenciyim,Haftada birkaç kez,Nadiren kazanırım (%20-30),Başa baş noktasındayım (Kazandığım ve kaybettiğim eşit gibi),1.001 - 5.000 TL,Biriktiririm / Yatırım yaparım,"Yeni Nesil Hızlı Oyunlar (Aviator, Zeppelin, Spaceman vb.)",1 - 3 yıl,5,2,2,4,2,3,2,3,3
120,1/12/26 0:01:19,1/12/26 0:04:11,anonymous,,,26,Kadın,Lisans,60.001 - 100.000 TL,Tam Zamanlı Çalışıyorum,Ayda 1-3 kez,Ara sıra kazanırım (Yarı yarıya diyebilirim),Zarardayım (Kaybettiğim miktar daha fazla),0 - 1.000 TL,"Keyfi harcamalar (yemek, eğlence, giyim vb.) için kullanırım","Klasik Şans Oyunları (Milli Piyango, Sayısal Loto, Kazı Kazan)",3- 5 yıl,5,1,1,2,3,4,4,4,4
121,1/12/26 0:04:13,1/12/26 0:04:57,anonymous,,,22,Erkek,Lisans,23.001 - 35.000 TL,Sadece Öğrenciyim,Haftada birkaç kez,Ara sıra kazanırım (Yarı yarıya diyebilirim),Başa baş noktasındayım (Kazandığım ve kaybettiğim eşit gibi),1.001 - 5.000 TL,"Temel ihtiyaçlarım (kira, fatura, market) için kullanırım","Online Casino ve Şans Oyunları (Slot Oyunları (Sweet Bonanza, Big Bass vb.), Rulet, Poker, Blackjack vb.)",3- 5 yıl,3,3,3,2,2,3,2,3,2
122,1/12/26 0:05:03,1/12/26 0:05:55,anonymous,,,23,Erkek,Ön Lisans (MYO),35.001 - 60.000 TL,Tam Zamanlı Çalışıyorum,Ayda 1'den az / Çok nadir,Nadiren kazanırım (%20-30),Başa baş noktasındayım (Kazandığım ve kaybettiğim eşit gibi),0 - 1.000 TL,"Keyfi harcamalar (yemek, eğlence, giyim vb.) için kullanırım","Yeni Nesil Hızlı Oyunlar (Aviator, Zeppelin, Spaceman vb.)",3- 5 yıl,2,4,4,3,2,2,2,3,3
123,1/12/26 0:06:01,1/12/26 0:06:54,anonymous,,,29,Erkek,Lise,60.001 - 100.000 TL,Tam Zamanlı Çalışıyorum,Haftada 1 kez,Ara sıra kazanırım (Yarı yarıya diyebilirim),"Kârdayım (Kazandığım miktar, kaybettiğimden fazla)",1.001 - 5.000 TL,Doğrudan tekrar şans oyunlarına/bahise yatırırım,"Spor Bahisleri (İddaa, Maç sonucu, Canlı bahis vb.)",5 yıldan fazla,3,4,4,2,3,4,3,4,3
124,1/12/26 0:06:59,1/12/26 0:08:07,anonymous,,,28,Erkek,Lise,100.000 TL üzeri,Tam Zamanlı Çalışıyorum,Ayda 1'den az / Çok nadir,Oynadığımda neredeyse hiç kazanmam (%0-10),Başa baş noktasındayım (Kazandığım ve kaybettiğim eşit gibi),0 - 1.000 TL,"Keyfi harcamalar (yemek, eğlence, giyim vb.) için kullanırım","Klasik Şans Oyunları (Milli Piyango, Sayısal Loto, Kazı Kazan)",3- 5 yıl,5,1,1,2,5,5,5,5,5
125,1/12/26 0:08:09,1/12/26 0:09:00,anonymous,,,35,Erkek,Lise,100.000 TL üzeri,Tam Zamanlı Çalışıyorum,Ayda 1'den az / Çok nadir,Oynadığımda neredeyse hiç kazanmam (%0-10),Başa baş noktasındayım (Kazandığım ve kaybettiğim eşit gibi),0 - 1.000 TL,"Keyfi harcamalar (yemek, eğlence, giyim vb.) için kullanırım","Klasik Şans Oyunları (Milli Piyango, Sayısal Loto, Kazı Kazan)",1 yıldan az,4,2,2,2,3,4,4,5,5
126,1/12/26 0:09:06,1/12/26 0:10:07,anonymous,,,23,Erkek,Lisans,23.001 - 35.000 TL,Sadece Öğrenciyim,Haftada birkaç kez,Nadiren kazanırım (%20-30),Başa baş noktasındayım (Kazandığım ve kaybettiğim eşit gibi),1.001 - 5.000 TL,"Temel ihtiyaçlarım (kira, fatura, market) için kullanırım","Online Casino ve Şans Oyunları (Slot Oyunları (Sweet Bonanza, Big Bass vb.), Rulet, Poker, Blackjack vb.)",1 - 3 yıl,5,2,3,1,3,3,2,3,3
127,1/12/26 1:02:07,1/12/26 1:08:08,anonymous,,,28,Erkek,Lise,60.001 - 100.000 TL,Tam Zamanlı Çalışıyorum,Ayda 1-3 kez,Ara sıra kazanırım (Yarı yarıya diyebilirim),Zarardayım (Kaybettiğim miktar daha fazla),5.001 - 15.000 TL,Doğrudan tekrar şans oyunlarına/bahise yatırırım,"Spor Bahisleri (İddaa, Maç sonucu, Canlı bahis vb.)",5 yıldan fazla,5,2,4,5,2,2,1,5,3
128,1/12/26 1:57:06,1/12/26 1:58:22,anonymous,,,18,Erkek,Ön Lisans (MYO),23.001 - 35.000 TL,Tam Zamanlı Çalışıyorum,Her gün,Nadiren kazanırım (%20-30),Zarardayım (Kaybettiğim miktar daha fazla),30.000 TL üzeri,Doğrudan tekrar şans oyunlarına/bahise yatırırım,"Online Casino ve Şans Oyunları (Slot Oyunları (Sweet Bonanza, Big Bass vb.), Rulet, Poker, Blackjack vb.)",3- 5 yıl,1,1,1,5,5,5,5,5,5
129,1/12/26 1:59:12,1/12/26 2:04:46,anonymous,,,23,Erkek,Lisans,0 - 23.000 TL,Hem Çalışıyor Hem Okuyorum,Ayda 1-3 kez,Ara sıra kazanırım (Yarı yarıya diyebilirim),Başa baş noktasındayım (Kazandığım ve kaybettiğim eşit gibi),1.001 - 5.000 TL,"Keyfi harcamalar (yemek, eğlence, giyim vb.) için kullanırım","Online Casino ve Şans Oyunları (Slot Oyunları (Sweet Bonanza, Big Bass vb.), Rulet, Poker, Blackjack vb.)",5 yıldan fazla,4,3,4,4,2,4,5,2,2
130,1/12/26 10:21:51,1/12/26 10:27:02,anonymous,,,24,Erkek,Lisans,35.001 - 60.000 TL,Tam Zamanlı Çalışıyorum,Ayda 1'den az / Çok nadir,Oynadığımda neredeyse hiç kazanmam (%0-10),Zarardayım (Kaybettiğim miktar daha fazla),0 - 1.000 TL,Doğrudan tekrar şans oyunlarına/bahise yatırırım,"Spor Bahisleri (İddaa, Maç sonucu, Canlı bahis vb.)",1 yıldan az,5,5,5,3,3,3,5,5,5
131,1/12/26 15:06:32,1/12/26 15:18:43,anonymous,,,21,Erkek,Lise,23.001 - 35.000 TL,Tam Zamanlı Çalışıyorum,Ayda 1'den az / Çok nadir,Ara sıra kazanırım (Yarı yarıya diyebilirim),Başa baş noktasındayım (Kazandığım ve kaybettiğim eşit gibi),0 - 1.000 TL,Doğrudan tekrar şans oyunlarına/bahise yatırırım,"Online Casino ve Şans Oyunları (Slot Oyunları (Sweet Bonanza, Big Bass vb.), Rulet, Poker, Blackjack vb.)",5 yıldan fazla,5,5,5,3,4,4,5,4,4
132,1/12/26 16:26:57,1/12/26 16:29:50,anonymous,,,23,Erkek,Lisans,23.001 - 35.000 TL,Sadece Öğrenciyim,Ayda 1'den az / Çok nadir,Nadiren kazanırım (%20-30),Zarardayım (Kaybettiğim miktar daha fazla),0 - 1.000 TL,"Keyfi harcamalar (yemek, eğlence, giyim vb.) için kullanırım","Spor Bahisleri (İddaa, Maç sonucu, Canlı bahis vb.)",5 yıldan fazla,2,5,4,4,4,4,5,5,4
133,1/13/26 16:53:46,1/13/26 16:57:49,anonymous,,,24,Erkek,Lisansüstü (Yüksek Lisans/Doktora) ,35.001 - 60.000 TL,Hem Çalışıyor Hem Okuyorum,Her gün,Sık kazanırım (Genelde boş geçmem),Başa baş noktasındayım (Kazandığım ve kaybettiğim eşit gibi),15.001 - 30.000 TL,Doğrudan tekrar şans oyunlarına/bahise yatırırım,"Yeni Nesil Hızlı Oyunlar (Aviator, Zeppelin, Spaceman vb.)",3- 5 yıl,1,5,5,5,1,1,1,1,2
134,1/13/26 16:58:18,1/13/26 16:59:29,anonymous,,,23,Kadın,Ön Lisans (MYO),23.001 - 35.000 TL,Tam Zamanlı Çalışıyorum,Her gün,Sık kazanırım (Genelde boş geçmem),Zarardayım (Kaybettiğim miktar daha fazla),15.001 - 30.000 TL,Doğrudan tekrar şans oyunlarına/bahise yatırırım,"Yeni Nesil Hızlı Oyunlar (Aviator, Zeppelin, Spaceman vb.)",3- 5 yıl,5,1,1,5,1,2,1,3,1
135,1/13/26 16:58:05,1/13/26 17:00:41,anonymous,,,21,Kadın,Lisansüstü (Yüksek Lisans/Doktora) ,23.001 - 35.000 TL,Hem Çalışıyor Hem Okuyorum,Haftada 1 kez,Ara sıra kazanırım (Yarı yarıya diyebilirim),Zarardayım (Kaybettiğim miktar daha fazla),15.001 - 30.000 TL,Doğrudan tekrar şans oyunlarına/bahise yatırırım,"Yeni Nesil Hızlı Oyunlar (Aviator, Zeppelin, Spaceman vb.)",1 - 3 yıl,2,4,4,5,2,2,3,1,2
136,1/13/26 16:59:39,1/13/26 17:02:36,anonymous,,,24,Kadın,Lisansüstü (Yüksek Lisans/Doktora) ,35.001 - 60.000 TL,Hem Çalışıyor Hem Okuyorum,Her gün,Sık kazanırım (Genelde boş geçmem),"Kârdayım (Kazandığım miktar, kaybettiğimden fazla)",15.001 - 30.000 TL,Doğrudan tekrar şans oyunlarına/bahise yatırırım,"Yeni Nesil Hızlı Oyunlar (Aviator, Zeppelin, Spaceman vb.)",3- 5 yıl,1,5,5,5,1,2,1,2,2
137,1/13/26 17:02:09,1/13/26 17:04:30,anonymous,,,25,Erkek,Lise,35.001 - 60.000 TL,Tam Zamanlı Çalışıyorum,Ayda 1'den az / Çok nadir,Nadiren kazanırım (%20-30),Başa baş noktasındayım (Kazandığım ve kaybettiğim eşit gibi),15.001 - 30.000 TL,Doğrudan tekrar şans oyunlarına/bahise yatırırım,"Yeni Nesil Hızlı Oyunlar (Aviator, Zeppelin, Spaceman vb.)",1 yıldan az,4,4,4,3,3,5,2,4,5
138,1/13/26 17:04:07,1/13/26 17:05:57,anonymous,,,24,Kadın,Lisansüstü (Yüksek Lisans/Doktora) ,35.001 - 60.000 TL,Hem Çalışıyor Hem Okuyorum,Haftada birkaç kez,Ara sıra kazanırım (Yarı yarıya diyebilirim),Zarardayım (Kaybettiğim miktar daha fazla),5.001 - 15.000 TL,Doğrudan tekrar şans oyunlarına/bahise yatırırım,"Yeni Nesil Hızlı Oyunlar (Aviator, Zeppelin, Spaceman vb.)",5 yıldan fazla,1,5,5,3,2,2,2,2,2
139,1/13/26 17:06:11,1/13/26 17:06:59,anonymous,,,23,Erkek,Lisansüstü (Yüksek Lisans/Doktora) ,35.001 - 60.000 TL,Hem Çalışıyor Hem Okuyorum,Her gün,Sık kazanırım (Genelde boş geçmem),"Kârdayım (Kazandığım miktar, kaybettiğimden fazla)",15.001 - 30.000 TL,Doğrudan tekrar şans oyunlarına/bahise yatırırım,"Yeni Nesil Hızlı Oyunlar (Aviator, Zeppelin, Spaceman vb.)",3- 5 yıl,1,5,5,4,2,3,2,2,2
140,1/13/26 17:07:05,1/13/26 17:08:16,anonymous,,,25,Kadın,Ön Lisans (MYO),23.001 - 35.000 TL,Tam Zamanlı Çalışıyorum,Haftada 1 kez,Ara sıra kazanırım (Yarı yarıya diyebilirim),"Kârdayım (Kazandığım miktar, kaybettiğimden fazla)",5.001 - 15.000 TL,Doğrudan tekrar şans oyunlarına/bahise yatırırım,"Yeni Nesil Hızlı Oyunlar (Aviator, Zeppelin, Spaceman vb.)",3- 5 yıl,5,1,5,5,1,2,1,3,2
141,1/13/26 17:08:31,1/13/26 17:09:51,anonymous,,,24,Erkek,Lisansüstü (Yüksek Lisans/Doktora) ,35.001 - 60.000 TL,Hem Çalışıyor Hem Okuyorum,Her gün,Sık kazanırım (Genelde boş geçmem),"Kârdayım (Kazandığım miktar, kaybettiğimden fazla)",15.001 - 30.000 TL,Doğrudan tekrar şans oyunlarına/bahise yatırırım,"Yeni Nesil Hızlı Oyunlar (Aviator, Zeppelin, Spaceman vb.)",3- 5 yıl,1,5,5,4,2,2,2,2,2
142,1/13/26 17:09:55,1/13/26 17:10:33,anonymous,,,24,Erkek,Lisansüstü (Yüksek Lisans/Doktora) ,35.001 - 60.000 TL,Hem Çalışıyor Hem Okuyorum,Her gün,Sık kazanırım (Genelde boş geçmem),"Kârdayım (Kazandığım miktar, kaybettiğimden fazla)",30.000 TL üzeri,Doğrudan tekrar şans oyunlarına/bahise yatırırım,"Yeni Nesil Hızlı Oyunlar (Aviator, Zeppelin, Spaceman vb.)",5 yıldan fazla,1,5,5,5,1,2,2,2,2
143,1/13/26 17:09:24,1/13/26 17:11:33,anonymous,,,26,Erkek,Lisansüstü (Yüksek Lisans/Doktora) ,60.001 - 100.000 TL,Tam Zamanlı Çalışıyorum,Her gün,Sık kazanırım (Genelde boş geçmem),Zarardayım (Kaybettiğim miktar daha fazla),15.001 - 30.000 TL,Doğrudan tekrar şans oyunlarına/bahise yatırırım,"Online Casino ve Şans Oyunları (Slot Oyunları (Sweet Bonanza, Big Bass vb.), Rulet, Poker, Blackjack vb.)",1 - 3 yıl,1,5,5,5,1,1,1,1,1
144,1/13/26 17:10:37,1/13/26 17:11:35,anonymous,,,23,Kadın,Ön Lisans (MYO),23.001 - 35.000 TL,Tam Zamanlı Çalışıyorum,Her gün,Sık kazanırım (Genelde boş geçmem),Zarardayım (Kaybettiğim miktar daha fazla),5.001 - 15.000 TL,Doğrudan tekrar şans oyunlarına/bahise yatırırım,"Yeni Nesil Hızlı Oyunlar (Aviator, Zeppelin, Spaceman vb.)",3- 5 yıl,1,4,4,3,2,2,1,2,2
145,1/13/26 17:12:03,1/13/26 17:13:18,anonymous,,,24,Kadın,Lisansüstü (Yüksek Lisans/Doktora) ,35.001 - 60.000 TL,Hem Çalışıyor Hem Okuyorum,Her gün,Sık kazanırım (Genelde boş geçmem),Zarardayım (Kaybettiğim miktar daha fazla),1.001 - 5.000 TL,Doğrudan tekrar şans oyunlarına/bahise yatırırım,"Yeni Nesil Hızlı Oyunlar (Aviator, Zeppelin, Spaceman vb.)",3- 5 yıl,1,5,5,5,2,2,1,2,1
146,1/13/26 17:12:03,1/13/26 17:14:16,anonymous,,,22,Kadın,Ön Lisans (MYO),23.001 - 35.000 TL,Hem Çalışıyor Hem Okuyorum,Ayda 1'den az / Çok nadir,Nadiren kazanırım (%20-30),Başa baş noktasındayım (Kazandığım ve kaybettiğim eşit gibi),1.001 - 5.000 TL,"Temel ihtiyaçlarım (kira, fatura, market) için kullanırım","Klasik Şans Oyunları (Milli Piyango, Sayısal Loto, Kazı Kazan)",1 - 3 yıl,5,1,1,1,4,4,4,4,5
147,1/13/26 17:17:21,1/13/26 17:18:40,anonymous,,,25,Erkek,Lisans,23.001 - 35.000 TL,Sadece Öğrenciyim,Ayda 1'den az / Çok nadir,Oynadığımda neredeyse hiç kazanmam (%0-10),Başa baş noktasındayım (Kazandığım ve kaybettiğim eşit gibi),0 - 1.000 TL,"Temel ihtiyaçlarım (kira, fatura, market) için kullanırım","Spor Bahisleri (İddaa, Maç sonucu, Canlı bahis vb.)",1 yıldan az,5,1,1,3,5,5,5,5,5
148,1/13/26 17:19:24,1/13/26 17:20:15,anonymous,,,23,Kadın,Ön Lisans (MYO),23.001 - 35.000 TL,Hem Çalışıyor Hem Okuyorum,Her gün,Sık kazanırım (Genelde boş geçmem),"Kârdayım (Kazandığım miktar, kaybettiğimden fazla)",15.001 - 30.000 TL,Doğrudan tekrar şans oyunlarına/bahise yatırırım,"Online Casino ve Şans Oyunları (Slot Oyunları (Sweet Bonanza, Big Bass vb.), Rulet, Poker, Blackjack vb.)",5 yıldan fazla,1,5,5,5,2,2,1,2,1
149,1/13/26 17:18:47,1/13/26 17:20:25,anonymous,,,23,Erkek,Lisans,35.001 - 60.000 TL,Hem Çalışıyor Hem Okuyorum,Haftada birkaç kez,Sık kazanırım (Genelde boş geçmem),Zarardayım (Kaybettiğim miktar daha fazla),15.001 - 30.000 TL,Doğrudan tekrar şans oyunlarına/bahise yatırırım,"Yeni Nesil Hızlı Oyunlar (Aviator, Zeppelin, Spaceman vb.)",3- 5 yıl,1,5,5,5,1,1,1,1,1
150,1/13/26 17:20:20,1/13/26 17:21:00,anonymous,,,25,Erkek,Lisans,23.001 - 35.000 TL,Sadece Öğrenciyim,Her gün,Neredeyse her oynadığımda kazanırım,"Kârdayım (Kazandığım miktar, kaybettiğimden fazla)",5.001 - 15.000 TL,Doğrudan tekrar şans oyunlarına/bahise yatırırım,"Yeni Nesil Hızlı Oyunlar (Aviator, Zeppelin, Spaceman vb.)",3- 5 yıl,1,5,5,3,2,3,1,1,1
151,1/13/26 17:21:05,1/13/26 17:22:13,anonymous,,,23,Erkek,Lisans,23.001 - 35.000 TL,Sadece Öğrenciyim,Haftada 1 kez,Ara sıra kazanırım (Yarı yarıya diyebilirim),Başa baş noktasındayım (Kazandığım ve kaybettiğim eşit gibi),1.001 - 5.000 TL,"Temel ihtiyaçlarım (kira, fatura, market) için kullanırım","Online Casino ve Şans Oyunları (Slot Oyunları (Sweet Bonanza, Big Bass vb.), Rulet, Poker, Blackjack vb.)",1 - 3 yıl,3,4,3,3,2,3,2,2,2
152,1/13/26 17:21:06,1/13/26 17:23:44,anonymous,,,22,Erkek,Lisansüstü (Yüksek Lisans/Doktora) ,23.001 - 35.000 TL,Sadece Öğrenciyim,Haftada 1 kez,Ara sıra kazanırım (Yarı yarıya diyebilirim),Başa baş noktasındayım (Kazandığım ve kaybettiğim eşit gibi),5.001 - 15.000 TL,Doğrudan tekrar şans oyunlarına/bahise yatırırım,"Online Casino ve Şans Oyunları (Slot Oyunları (Sweet Bonanza, Big Bass vb.), Rulet, Poker, Blackjack vb.)",1 - 3 yıl,3,4,4,4,2,3,4,2,1
153,1/13/26 17:22:17,1/13/26 17:23:44,anonymous,,,24,Erkek,Lisans,23.001 - 35.000 TL,Sadece Öğrenciyim,Haftada 1 kez,Ara sıra kazanırım (Yarı yarıya diyebilirim),"Kârdayım (Kazandığım miktar, kaybettiğimden fazla)",5.001 - 15.000 TL,Doğrudan tekrar şans oyunlarına/bahise yatırırım,"Spor Bahisleri (İddaa, Maç sonucu, Canlı bahis vb.)",1 - 3 yıl,2,5,5,3,3,2,3,2,3
154,1/13/26 17:23:47,1/13/26 17:24:44,anonymous,,,25,Erkek,Ön Lisans (MYO),23.001 - 35.000 TL,Tam Zamanlı Çalışıyorum,Haftada 1 kez,Nadiren kazanırım (%20-30),Başa baş noktasındayım (Kazandığım ve kaybettiğim eşit gibi),1.001 - 5.000 TL,"Temel ihtiyaçlarım (kira, fatura, market) için kullanırım","Spor Bahisleri (İddaa, Maç sonucu, Canlı bahis vb.)",1 - 3 yıl,3,4,3,3,2,3,2,2,2
155,1/13/26 17:24:04,1/13/26 17:25:31,anonymous,,,27,Erkek,Lisans,60.001 - 100.000 TL,Tam Zamanlı Çalışıyorum,Her gün,Sık kazanırım (Genelde boş geçmem),Zarardayım (Kaybettiğim miktar daha fazla),30.000 TL üzeri,Doğrudan tekrar şans oyunlarına/bahise yatırırım,"Yeni Nesil Hızlı Oyunlar (Aviator, Zeppelin, Spaceman vb.)",3- 5 yıl,1,5,5,5,1,1,1,1,1
156,1/13/26 17:24:53,1/13/26 17:25:51,anonymous,,,23,Erkek,Lisans,23.001 - 35.000 TL,Sadece Öğrenciyim,Haftada 1 kez,Nadiren kazanırım (%20-30),"Kârdayım (Kazandığım miktar, kaybettiğimden fazla)",5.001 - 15.000 TL,Doğrudan tekrar şans oyunlarına/bahise yatırırım,"Yeni Nesil Hızlı Oyunlar (Aviator, Zeppelin, Spaceman vb.)",1 - 3 yıl,3,4,3,3,2,3,2,2,2
157,1/13/26 17:26:57,1/13/26 17:28:06,anonymous,,,27,Erkek,Lisans,100.000 TL üzeri,Tam Zamanlı Çalışıyorum,Her gün,Ara sıra kazanırım (Yarı yarıya diyebilirim),Zarardayım (Kaybettiğim miktar daha fazla),5.001 - 15.000 TL,Doğrudan tekrar şans oyunlarına/bahise yatırırım,"Online Casino ve Şans Oyunları (Slot Oyunları (Sweet Bonanza, Big Bass vb.), Rulet, Poker, Blackjack vb.)",3- 5 yıl,4,4,3,3,2,2,2,2,2
158,1/13/26 17:25:38,1/13/26 17:28:48,anonymous,,,29,Erkek,Lisans,100.000 TL üzeri,Tam Zamanlı Çalışıyorum,Her gün,Nadiren kazanırım (%20-30),Zarardayım (Kaybettiğim miktar daha fazla),30.000 TL üzeri,Doğrudan tekrar şans oyunlarına/bahise yatırırım,"Yeni Nesil Hızlı Oyunlar (Aviator, Zeppelin, Spaceman vb.)",5 yıldan fazla,1,5,5,5,1,1,1,1,1
159,1/13/26 17:28:10,1/13/26 17:29:14,anonymous,,,26,Erkek,Lisans,100.000 TL üzeri,Tam Zamanlı Çalışıyorum,Her gün,Ara sıra kazanırım (Yarı yarıya diyebilirim),Başa baş noktasındayım (Kazandığım ve kaybettiğim eşit gibi),30.000 TL üzeri,Doğrudan tekrar şans oyunlarına/bahise yatırırım,"Online Casino ve Şans Oyunları (Slot Oyunları (Sweet Bonanza, Big Bass vb.), Rulet, Poker, Blackjack vb.)",5 yıldan fazla,1,4,4,5,2,2,2,1,2
160,1/13/26 17:28:55,1/13/26 17:30:18,anonymous,,,24,Kadın,Lisans,35.001 - 60.000 TL,Hem Çalışıyor Hem Okuyorum,Ayda 1'den az / Çok nadir,Ara sıra kazanırım (Yarı yarıya diyebilirim),"Kârdayım (Kazandığım miktar, kaybettiğimden fazla)",5.001 - 15.000 TL,Biriktiririm / Yatırım yaparım,"Klasik Şans Oyunları (Milli Piyango, Sayısal Loto, Kazı Kazan)",3- 5 yıl,4,4,4,4,2,2,2,2,2
161,1/13/26 17:29:18,1/13/26 17:30:31,anonymous,,,28,Kadın,Lisans,100.000 TL üzeri,Tam Zamanlı Çalışıyorum,Her gün,Ara sıra kazanırım (Yarı yarıya diyebilirim),Zarardayım (Kaybettiğim miktar daha fazla),5.001 - 15.000 TL,Doğrudan tekrar şans oyunlarına/bahise yatırırım,"Yeni Nesil Hızlı Oyunlar (Aviator, Zeppelin, Spaceman vb.)",3- 5 yıl,5,5,4,4,2,1,1,2,2
162,1/13/26 17:30:26,1/13/26 17:31:34,anonymous,,,21,Erkek,Ön Lisans (MYO),23.001 - 35.000 TL,Sadece Öğrenciyim,Her gün,Nadiren kazanırım (%20-30),Zarardayım (Kaybettiğim miktar daha fazla),15.001 - 30.000 TL,Doğrudan tekrar şans oyunlarına/bahise yatırırım,"Yeni Nesil Hızlı Oyunlar (Aviator, Zeppelin, Spaceman vb.)",3- 5 yıl,1,5,5,5,1,2,2,2,1
163,1/13/26 17:29:02,1/13/26 17:31:39,anonymous,,,22,Erkek,Lisans,0 - 23.000 TL,Sadece Öğrenciyim,Ayda 1-3 kez,Nadiren kazanırım (%20-30),Zarardayım (Kaybettiğim miktar daha fazla),5.001 - 15.000 TL,"Keyfi harcamalar (yemek, eğlence, giyim vb.) için kullanırım","Online Casino ve Şans Oyunları (Slot Oyunları (Sweet Bonanza, Big Bass vb.), Rulet, Poker, Blackjack vb.)",1 - 3 yıl,3,4,3,4,2,4,4,4,2
164,1/13/26 17:30:41,1/13/26 17:31:43,anonymous,,,27,Kadın,Lisansüstü (Yüksek Lisans/Doktora) ,60.001 - 100.000 TL,Hem Çalışıyor Hem Okuyorum,Her gün,Ara sıra kazanırım (Yarı yarıya diyebilirim),Başa baş noktasındayım (Kazandığım ve kaybettiğim eşit gibi),5.001 - 15.000 TL,Doğrudan tekrar şans oyunlarına/bahise yatırırım,"Yeni Nesil Hızlı Oyunlar (Aviator, Zeppelin, Spaceman vb.)",3- 5 yıl,2,4,5,4,1,2,1,2,2
165,1/13/26 17:32:15,1/13/26 17:33:58,anonymous,,,24,Kadın,Lisansüstü (Yüksek Lisans/Doktora) ,100.000 TL üzeri,Tam Zamanlı Çalışıyorum,Ayda 1'den az / Çok nadir,Nadiren kazanırım (%20-30),Başa baş noktasındayım (Kazandığım ve kaybettiğim eşit gibi),0 - 1.000 TL,"Keyfi harcamalar (yemek, eğlence, giyim vb.) için kullanırım","Klasik Şans Oyunları (Milli Piyango, Sayısal Loto, Kazı Kazan)",3- 5 yıl,5,2,2,2,4,4,4,5,5
166,1/13/26 17:33:08,1/13/26 17:34:45,anonymous,,,23,Kadın,Lisans,23.001 - 35.000 TL,Sadece Öğrenciyim,Ayda 1'den az / Çok nadir,Oynadığımda neredeyse hiç kazanmam (%0-10),Zarardayım (Kaybettiğim miktar daha fazla),0 - 1.000 TL,"Keyfi harcamalar (yemek, eğlence, giyim vb.) için kullanırım","Online Casino ve Şans Oyunları (Slot Oyunları (Sweet Bonanza, Big Bass vb.), Rulet, Poker, Blackjack vb.)",1 - 3 yıl,5,2,1,5,5,5,5,5,5
167,1/13/26 17:33:22,1/13/26 17:35:03,anonymous,,,21,Erkek,Lisans,0 - 23.000 TL,Hem Çalışıyor Hem Okuyorum,Her gün,Sık kazanırım (Genelde boş geçmem),"Kârdayım (Kazandığım miktar, kaybettiğimden fazla)",30.000 TL üzeri,"Keyfi harcamalar (yemek, eğlence, giyim vb.) için kullanırım","Online Casino ve Şans Oyunları (Slot Oyunları (Sweet Bonanza, Big Bass vb.), Rulet, Poker, Blackjack vb.)",5 yıldan fazla,4,1,4,4,3,5,2,1,3
168,1/13/26 17:31:43,1/13/26 17:43:36,anonymous,,,28,Erkek,Ön Lisans (MYO),35.001 - 60.000 TL,Sadece Öğrenciyim,Her gün,Sık kazanırım (Genelde boş geçmem),Zarardayım (Kaybettiğim miktar daha fazla),15.001 - 30.000 TL,Doğrudan tekrar şans oyunlarına/bahise yatırırım,"Yeni Nesil Hızlı Oyunlar (Aviator, Zeppelin, Spaceman vb.)",3- 5 yıl,2,5,5,5,1,1,1,1,1
169,1/13/26 20:11:01,1/13/26 20:13:02,anonymous,,,28,Erkek,Lisans,35.001 - 60.000 TL,Hem Çalışıyor Hem Okuyorum,Ayda 1'den az / Çok nadir,Sık kazanırım (Genelde boş geçmem),Başa baş noktasındayım (Kazandığım ve kaybettiğim eşit gibi),0 - 1.000 TL,Doğrudan tekrar şans oyunlarına/bahise yatırırım,"Online Casino ve Şans Oyunları (Slot Oyunları (Sweet Bonanza, Big Bass vb.), Rulet, Poker, Blackjack vb.)",5 yıldan fazla,5,2,2,1,4,4,4,2,2
